slide_id,label,split
patient_005_node_2,0,train
patient_056_node_4,0,train
patient_066_node_1,0,train
patient_070_node_0,0,train
patient_032_node_0,0,train
patient_067_node_1,0,train
patient_063_node_2,1,train
patient_038_node_4,1,train
patient_042_node_3,1,train
patient_000_node_2,0,train
patient_012_node_2,0,train
patient_069_node_4,0,train
patient_041_node_3,0,train
patient_043_node_4,0,train
patient_029_node_4,0,train
patient_027_node_0,1,train
patient_093_node_1,0,train
patient_075_node_3,0,train
patient_049_node_3,0,train
patient_050_node_4,1,train
patient_015_node_0,0,train
patient_056_node_3,0,train
patient_095_node_4,0,train
patient_084_node_2,1,train
patient_026_node_3,1,train
patient_055_node_0,0,train
patient_094_node_0,1,train
patient_071_node_4,0,train
patient_086_node_0,1,train
patient_096_node_0,1,train
patient_035_node_4,0,train
patient_041_node_1,0,train
patient_010_node_3,0,train
patient_050_node_0,0,train
patient_002_node_3,0,train
patient_000_node_0,0,train
patient_090_node_1,0,train
patient_020_node_1,1,train
patient_070_node_4,0,train
patient_074_node_4,1,train
patient_041_node_0,1,train
patient_021_node_4,1,train
patient_031_node_2,0,train
patient_017_node_0,0,train
patient_083_node_4,0,train
patient_081_node_3,0,train
patient_032_node_1,1,train
patient_022_node_3,0,train
patient_089_node_1,0,train
patient_062_node_3,1,train
patient_003_node_1,0,train
patient_002_node_0,0,train
patient_054_node_1,0,train
patient_035_node_3,0,train
patient_094_node_4,1,train
patient_069_node_2,1,train
patient_024_node_2,1,train
patient_068_node_2,0,train
patient_006_node_4,1,train
patient_063_node_0,1,train
patient_083_node_0,0,train
patient_034_node_4,0,train
patient_013_node_3,1,train
patient_088_node_2,0,train
patient_039_node_1,1,train
patient_017_node_2,1,train
patient_091_node_3,1,train
patient_099_node_1,0,train
patient_084_node_0,0,train
patient_097_node_1,1,train
patient_015_node_2,1,train
patient_008_node_2,0,train
patient_078_node_0,0,train
patient_085_node_0,0,train
patient_006_node_2,1,train
patient_040_node_3,0,train
patient_065_node_2,0,train
patient_051_node_4,1,train
patient_042_node_2,0,train
patient_002_node_1,0,train
patient_045_node_3,1,train
patient_018_node_2,1,train
patient_046_node_3,1,train
patient_079_node_3,0,train
patient_084_node_4,0,train
patient_021_node_2,0,train
patient_086_node_1,0,train
patient_012_node_0,1,train
patient_004_node_2,0,train
patient_045_node_0,1,train
patient_093_node_4,1,train
patient_068_node_4,1,train
patient_031_node_3,0,train
patient_050_node_2,0,train
patient_098_node_0,0,train
patient_087_node_2,0,train
patient_064_node_0,1,train
patient_017_node_4,1,train
patient_042_node_1,0,train
patient_051_node_1,1,train
patient_040_node_0,0,train
patient_033_node_1,1,train
patient_087_node_4,0,train
patient_086_node_2,0,train
patient_066_node_0,0,train
patient_009_node_3,0,train
patient_057_node_2,0,train
patient_058_node_3,0,train
patient_008_node_0,1,train
patient_011_node_1,0,train
patient_096_node_1,0,train
patient_097_node_2,0,train
patient_011_node_3,0,train
patient_036_node_1,0,train
patient_054_node_4,0,train
patient_070_node_1,0,train
patient_030_node_0,0,train
patient_007_node_4,1,train
patient_076_node_1,1,train
patient_067_node_4,1,train
patient_069_node_1,1,train
patient_092_node_2,0,train
patient_059_node_0,0,train
patient_077_node_2,1,train
patient_071_node_3,0,train
patient_056_node_0,0,train
patient_021_node_0,1,train
patient_004_node_4,1,train
patient_089_node_0,0,train
patient_027_node_1,0,train
patient_061_node_2,0,train
patient_081_node_1,1,train
patient_030_node_3,0,train
patient_064_node_4,0,train
patient_046_node_1,0,train
patient_052_node_3,1,train
patient_088_node_4,1,train
patient_082_node_2,0,train
patient_057_node_1,0,train
patient_068_node_3,0,train
patient_085_node_1,0,train
patient_014_node_2,1,train
patient_000_node_4,0,train
patient_091_node_4,1,train
patient_048_node_4,0,train
patient_036_node_2,0,train
patient_088_node_0,0,train
patient_073_node_3,1,train
patient_082_node_3,0,train
patient_091_node_2,1,train
patient_043_node_2,0,train
patient_018_node_3,1,train
patient_081_node_2,1,train
patient_057_node_3,0,train
patient_028_node_2,1,train
patient_022_node_1,1,train
patient_044_node_0,0,train
patient_018_node_4,1,train
patient_080_node_3,1,train
patient_006_node_1,0,train
patient_049_node_4,0,train
patient_034_node_0,0,train
patient_003_node_4,0,train
patient_028_node_4,0,train
patient_038_node_2,1,train
patient_028_node_0,1,train
patient_080_node_1,1,train
patient_073_node_2,0,train
patient_057_node_0,0,train
patient_061_node_1,0,train
patient_067_node_0,0,train
patient_082_node_1,0,train
patient_059_node_2,0,train
patient_041_node_2,0,train
patient_003_node_3,0,train
patient_077_node_4,1,train
patient_025_node_0,0,train
patient_047_node_3,0,train
patient_072_node_1,1,train
patient_072_node_2,1,train
patient_065_node_0,1,train
patient_023_node_3,0,train
patient_060_node_3,1,train
patient_030_node_4,1,train
patient_094_node_2,1,train
patient_022_node_4,1,train
patient_038_node_0,1,train
patient_027_node_3,0,train
patient_008_node_4,0,train
patient_029_node_3,1,train
patient_064_node_2,0,train
patient_051_node_2,1,train
patient_060_node_4,0,train
patient_089_node_2,0,train
patient_005_node_3,1,train
patient_025_node_2,0,train
patient_052_node_4,0,train
patient_079_node_2,0,train
patient_078_node_3,0,train
patient_001_node_0,0,train
patient_032_node_3,0,train
patient_073_node_0,0,train
patient_010_node_4,1,train
patient_079_node_4,0,train
patient_091_node_1,0,train
patient_028_node_1,1,train
patient_015_node_3,0,train
patient_048_node_1,1,train
patient_078_node_1,0,train
patient_013_node_1,0,train
patient_046_node_2,0,train
patient_002_node_4,0,train
patient_000_node_1,0,train
patient_037_node_0,0,train
patient_011_node_4,0,train
patient_097_node_0,1,train
patient_019_node_1,1,train
patient_099_node_4,1,train
patient_060_node_1,0,train
patient_011_node_0,1,train
patient_005_node_1,0,train
patient_059_node_4,0,train
patient_070_node_3,1,train
patient_078_node_2,0,train
patient_078_node_4,0,train
patient_087_node_3,0,train
patient_082_node_0,0,train
patient_034_node_1,0,train
patient_003_node_2,0,train
patient_062_node_0,1,train
patient_022_node_2,0,train
patient_014_node_4,1,train
patient_072_node_4,1,train
patient_095_node_2,0,train
patient_071_node_1,0,train
patient_088_node_3,0,train
patient_009_node_4,0,train
patient_091_node_0,0,train
patient_005_node_0,0,train
patient_007_node_0,0,train
patient_029_node_0,1,train
patient_031_node_4,0,train
patient_038_node_3,0,train
patient_059_node_3,0,train
patient_075_node_1,0,train
patient_064_node_3,1,train
patient_096_node_2,1,train
patient_043_node_0,0,train
patient_020_node_2,1,train
patient_065_node_1,0,train
patient_023_node_0,0,train
patient_054_node_0,0,train
patient_040_node_1,0,train
patient_032_node_4,0,train
patient_086_node_4,1,train
patient_081_node_4,1,train
patient_049_node_0,0,train
patient_080_node_2,1,train
patient_037_node_4,0,train
patient_031_node_0,0,train
patient_074_node_1,0,train
patient_016_node_3,0,train
patient_075_node_4,1,train
patient_093_node_0,0,train
patient_000_node_3,0,train
patient_023_node_1,0,train
patient_008_node_1,0,train
patient_033_node_0,0,train
patient_098_node_2,0,train
patient_010_node_0,1,train
patient_015_node_1,1,train
patient_071_node_2,0,train
patient_001_node_2,0,train
patient_049_node_1,1,train
patient_007_node_3,0,train
patient_020_node_3,0,train
patient_051_node_0,1,train
patient_080_node_0,1,train
patient_039_node_2,0,train
patient_088_node_1,1,train
patient_045_node_1,1,train
patient_057_node_4,0,train
patient_060_node_2,0,train
patient_025_node_4,0,train
patient_026_node_4,1,train
patient_024_node_3,0,train
patient_021_node_1,1,train
patient_090_node_0,0,train
patient_011_node_2,0,train
patient_076_node_3,1,train
patient_062_node_4,0,train
patient_055_node_1,0,train
patient_076_node_4,1,train
patient_044_node_1,0,train
patient_074_node_2,0,train
patient_083_node_1,0,train
patient_033_node_2,1,train
patient_029_node_2,1,train
patient_053_node_0,0,train
patient_076_node_2,1,train
patient_070_node_2,0,train
patient_008_node_3,0,train
patient_031_node_1,0,train
patient_036_node_4,0,train
patient_013_node_2,1,train
patient_072_node_0,1,train
patient_037_node_3,0,train
patient_039_node_0,1,train
patient_086_node_3,0,train
patient_046_node_4,1,train
patient_030_node_1,0,train
patient_056_node_2,0,train
patient_005_node_4,1,train
patient_012_node_4,0,train
patient_092_node_0,1,train
patient_023_node_4,0,train
patient_068_node_1,1,train
patient_077_node_0,0,train
patient_016_node_4,0,train
patient_018_node_1,1,train
patient_099_node_0,0,train
patient_020_node_0,0,train
patient_049_node_2,1,train
patient_059_node_1,0,train
patient_014_node_1,0,train
patient_016_node_0,1,train
patient_027_node_2,1,train
patient_044_node_2,0,train
patient_061_node_3,0,train
patient_024_node_0,0,train
patient_050_node_3,0,train
patient_082_node_4,0,train
patient_004_node_3,0,train
patient_065_node_3,0,train
patient_044_node_3,1,train
patient_040_node_4,0,train
patient_040_node_2,1,train
patient_052_node_2,1,train
patient_087_node_0,1,train
patient_009_node_2,0,train
patient_069_node_3,1,train
patient_046_node_0,0,train
patient_021_node_3,1,train
patient_085_node_3,0,train
patient_037_node_2,0,train
patient_001_node_4,0,train
patient_056_node_1,0,train
patient_061_node_4,1,train
patient_053_node_4,0,train
patient_085_node_2,0,train
patient_006_node_3,0,train
patient_064_node_1,0,train
patient_042_node_4,0,train
patient_055_node_4,0,train
patient_073_node_4,0,train
patient_093_node_2,0,train
patient_074_node_3,0,train
patient_019_node_4,0,train
patient_036_node_3,1,train
patient_001_node_3,0,train
patient_068_node_0,0,train
patient_065_node_4,1,train
patient_043_node_1,0,train
patient_061_node_0,0,train
patient_048_node_2,0,train
patient_039_node_3,0,train
patient_053_node_1,0,train
patient_083_node_2,0,train
patient_024_node_4,1,train
patient_054_node_3,0,train
patient_047_node_1,0,train
patient_075_node_0,0,train
patient_025_node_3,0,train
patient_043_node_3,0,train
patient_035_node_0,0,train
patient_084_node_3,1,train
patient_092_node_1,1,train
patient_053_node_3,0,train
patient_089_node_3,1,train
patient_010_node_2,0,train
patient_066_node_3,1,train
patient_098_node_1,0,train
patient_009_node_1,1,train
patient_041_node_4,0,train
patient_026_node_0,1,train
patient_063_node_4,1,train
patient_072_node_3,0,train
patient_013_node_4,1,train
patient_006_node_0,0,train
patient_089_node_4,0,train
patient_098_node_3,0,train
patient_067_node_2,0,train
patient_095_node_1,0,train
patient_018_node_0,0,train
patient_050_node_1,0,train
patient_009_node_0,1,train
patient_098_node_4,0,train
patient_045_node_2,0,train
patient_063_node_3,1,train
patient_020_node_4,1,train
patient_026_node_1,1,train
patient_019_node_3,1,train
patient_001_node_1,0,train
patient_036_node_0,0,train
patient_015_node_4,1,train
patient_063_node_1,0,train
patient_095_node_3,0,train
patient_037_node_1,1,train
patient_080_node_4,1,train
patient_097_node_4,1,train
patient_075_node_2,0,train
patient_053_node_2,0,train
patient_002_node_2,0,train
patient_047_node_2,1,train
patient_035_node_1,0,train
patient_055_node_3,0,train
patient_077_node_1,0,train
patient_093_node_3,0,train
patient_038_node_1,0,train
patient_090_node_4,0,train
patient_047_node_0,0,train
patient_025_node_1,0,train
patient_083_node_3,0,train
patient_094_node_3,0,train
patient_007_node_2,0,train
patient_032_node_2,0,train
patient_022_node_0,1,train
patient_044_node_4,1,train
patient_062_node_1,1,train
patient_077_node_3,0,train
patient_090_node_2,0,train
patient_013_node_0,0,train
patient_071_node_0,0,train
patient_033_node_3,1,train
patient_097_node_3,1,train
patient_094_node_1,1,train
patient_007_node_1,0,train
patient_003_node_0,0,train
patient_024_node_1,1,train
patient_010_node_1,0,train
patient_052_node_1,1,train
patient_079_node_1,0,train
patient_085_node_4,0,val
patient_027_node_4,1,val
patient_004_node_0,0,val
patient_058_node_4,0,val
patient_033_node_4,0,val
patient_017_node_1,1,val
patient_060_node_0,1,val
patient_084_node_1,0,val
patient_067_node_3,1,val
patient_048_node_3,0,val
patient_019_node_0,1,val
patient_058_node_0,0,val
patient_048_node_0,1,val
patient_058_node_1,0,val
patient_028_node_3,1,val
patient_034_node_2,0,val
patient_090_node_3,0,val
patient_016_node_2,0,val
patient_023_node_2,0,val
patient_014_node_3,1,val
patient_034_node_3,1,val
patient_039_node_4,0,val
patient_054_node_2,0,val
patient_096_node_3,1,val
patient_014_node_0,0,val
patient_073_node_1,1,val
patient_035_node_2,0,val
patient_030_node_2,0,val
patient_058_node_2,0,val
patient_012_node_1,0,val
patient_066_node_4,0,val
patient_081_node_0,0,val
patient_099_node_2,0,val
patient_092_node_4,1,val
patient_012_node_3,0,val
patient_004_node_1,0,val
patient_066_node_2,1,val
patient_074_node_0,0,val
patient_016_node_1,1,val
patient_062_node_2,1,val
patient_051_node_3,0,val
patient_052_node_0,1,val
patient_076_node_0,0,val
patient_079_node_0,0,val
patient_092_node_3,1,val
patient_087_node_1,1,val
patient_042_node_0,0,val
patient_047_node_4,0,val
patient_055_node_2,0,val
patient_099_node_3,0,val
patient_100_node_0,1,test
patient_100_node_1,0,test
patient_100_node_2,1,test
patient_100_node_3,1,test
patient_100_node_4,1,test
patient_101_node_0,0,test
patient_101_node_1,1,test
patient_101_node_2,0,test
patient_101_node_3,0,test
patient_101_node_4,1,test
patient_102_node_0,0,test
patient_102_node_1,1,test
patient_102_node_2,0,test
patient_102_node_3,0,test
patient_102_node_4,0,test
patient_103_node_0,1,test
patient_103_node_2,1,test
patient_103_node_4,0,test
patient_104_node_0,1,test
patient_104_node_1,0,test
patient_104_node_2,0,test
patient_104_node_3,0,test
patient_104_node_4,0,test
patient_105_node_0,0,test
patient_105_node_2,0,test
patient_105_node_3,0,test
patient_105_node_4,1,test
patient_106_node_0,1,test
patient_106_node_1,0,test
patient_106_node_2,1,test
patient_106_node_3,1,test
patient_106_node_4,0,test
patient_107_node_0,1,test
patient_107_node_1,1,test
patient_107_node_2,1,test
patient_107_node_3,0,test
patient_107_node_4,1,test
patient_108_node_0,1,test
patient_108_node_1,0,test
patient_108_node_2,1,test
patient_108_node_3,1,test
patient_109_node_0,0,test
patient_109_node_1,0,test
patient_109_node_2,0,test
patient_109_node_3,0,test
patient_109_node_4,0,test
patient_110_node_0,0,test
patient_110_node_1,0,test
patient_110_node_2,0,test
patient_110_node_3,0,test
patient_110_node_4,1,test
patient_111_node_0,1,test
patient_111_node_2,1,test
patient_111_node_3,0,test
patient_111_node_4,0,test
patient_112_node_0,0,test
patient_112_node_1,0,test
patient_112_node_2,1,test
patient_112_node_3,1,test
patient_112_node_4,0,test
patient_113_node_0,0,test
patient_113_node_1,0,test
patient_113_node_2,0,test
patient_113_node_3,0,test
patient_113_node_4,0,test
patient_114_node_0,0,test
patient_114_node_1,1,test
patient_114_node_2,0,test
patient_114_node_3,0,test
patient_114_node_4,0,test
patient_115_node_0,0,test
patient_115_node_1,0,test
patient_115_node_2,0,test
patient_115_node_3,0,test
patient_115_node_4,0,test
patient_116_node_0,0,test
patient_116_node_1,0,test
patient_116_node_2,0,test
patient_116_node_3,1,test
patient_116_node_4,0,test
patient_117_node_0,0,test
patient_117_node_1,0,test
patient_117_node_2,1,test
patient_117_node_3,0,test
patient_117_node_4,0,test
patient_118_node_0,1,test
patient_118_node_1,0,test
patient_118_node_2,1,test
patient_118_node_3,0,test
patient_118_node_4,0,test
patient_119_node_0,0,test
patient_119_node_2,0,test
patient_119_node_4,0,test
patient_120_node_0,0,test
patient_120_node_1,1,test
patient_120_node_2,0,test
patient_120_node_3,0,test
patient_120_node_4,0,test
patient_121_node_0,0,test
patient_121_node_1,1,test
patient_121_node_2,1,test
patient_121_node_3,1,test
patient_121_node_4,1,test
patient_122_node_0,0,test
patient_122_node_1,0,test
patient_122_node_2,1,test
patient_122_node_3,0,test
patient_122_node_4,0,test
patient_123_node_0,0,test
patient_123_node_1,1,test
patient_123_node_2,0,test
patient_123_node_3,0,test
patient_123_node_4,0,test
patient_124_node_0,0,test
patient_124_node_1,0,test
patient_124_node_2,0,test
patient_124_node_3,0,test
patient_124_node_4,0,test
patient_125_node_0,0,test
patient_125_node_1,0,test
patient_125_node_2,0,test
patient_125_node_3,0,test
patient_125_node_4,0,test
patient_126_node_0,0,test
patient_126_node_1,0,test
patient_126_node_2,0,test
patient_126_node_3,0,test
patient_126_node_4,0,test
patient_127_node_0,1,test
patient_127_node_1,1,test
patient_127_node_2,1,test
patient_127_node_3,1,test
patient_127_node_4,1,test
patient_128_node_0,0,test
patient_128_node_1,0,test
patient_128_node_2,0,test
patient_128_node_3,0,test
patient_128_node_4,0,test
patient_129_node_0,1,test
patient_129_node_1,1,test
patient_129_node_2,1,test
patient_129_node_3,1,test
patient_129_node_4,0,test
patient_130_node_0,0,test
patient_130_node_1,1,test
patient_130_node_2,0,test
patient_130_node_3,0,test
patient_130_node_4,0,test
patient_131_node_0,0,test
patient_131_node_1,0,test
patient_131_node_2,1,test
patient_131_node_3,1,test
patient_131_node_4,0,test
patient_132_node_0,1,test
patient_132_node_1,1,test
patient_132_node_2,1,test
patient_132_node_3,1,test
patient_132_node_4,1,test
patient_133_node_0,0,test
patient_133_node_1,0,test
patient_133_node_2,0,test
patient_133_node_3,0,test
patient_133_node_4,0,test
patient_134_node_0,1,test
patient_134_node_1,1,test
patient_134_node_2,1,test
patient_134_node_3,1,test
patient_134_node_4,1,test
patient_135_node_0,1,test
patient_135_node_1,0,test
patient_135_node_2,0,test
patient_135_node_3,1,test
patient_136_node_0,0,test
patient_136_node_1,1,test
patient_136_node_2,1,test
patient_136_node_3,1,test
patient_136_node_4,1,test
patient_137_node_0,0,test
patient_137_node_1,0,test
patient_137_node_2,0,test
patient_137_node_3,0,test
patient_137_node_4,0,test
patient_138_node_0,0,test
patient_138_node_1,0,test
patient_138_node_2,0,test
patient_138_node_3,1,test
patient_138_node_4,1,test
patient_139_node_0,0,test
patient_139_node_1,1,test
patient_139_node_2,1,test
patient_139_node_3,1,test
patient_139_node_4,0,test
patient_140_node_0,1,test
patient_140_node_1,0,test
patient_140_node_2,1,test
patient_140_node_3,0,test
patient_140_node_4,1,test
patient_141_node_0,0,test
patient_141_node_1,1,test
patient_141_node_2,1,test
patient_141_node_3,1,test
patient_141_node_4,1,test
patient_142_node_0,1,test
patient_142_node_1,0,test
patient_142_node_2,1,test
patient_142_node_3,1,test
patient_143_node_0,0,test
patient_143_node_1,0,test
patient_143_node_2,0,test
patient_143_node_3,0,test
patient_143_node_4,0,test
patient_144_node_0,1,test
patient_144_node_2,1,test
patient_144_node_3,0,test
patient_144_node_4,0,test
patient_145_node_0,1,test
patient_145_node_1,0,test
patient_145_node_2,1,test
patient_145_node_3,1,test
patient_145_node_4,0,test
patient_146_node_0,0,test
patient_146_node_1,0,test
patient_146_node_2,1,test
patient_146_node_3,0,test
patient_146_node_4,0,test
patient_147_node_0,0,test
patient_147_node_1,0,test
patient_147_node_2,1,test
patient_147_node_3,0,test
patient_147_node_4,1,test
patient_148_node_0,0,test
patient_148_node_1,0,test
patient_148_node_2,1,test
patient_148_node_3,0,test
patient_148_node_4,0,test
patient_149_node_0,0,test
patient_149_node_1,0,test
patient_149_node_2,1,test
patient_149_node_3,0,test
patient_149_node_4,0,test
patient_150_node_0,1,test
patient_150_node_1,1,test
patient_150_node_2,0,test
patient_150_node_3,1,test
patient_150_node_4,1,test
patient_151_node_2,1,test
patient_151_node_3,0,test
patient_151_node_4,0,test
patient_152_node_0,1,test
patient_152_node_1,0,test
patient_152_node_2,1,test
patient_152_node_3,0,test
patient_152_node_4,0,test
patient_153_node_1,1,test
patient_153_node_2,1,test
patient_153_node_3,1,test
patient_153_node_4,0,test
patient_154_node_0,0,test
patient_154_node_2,0,test
patient_154_node_3,0,test
patient_154_node_4,0,test
patient_155_node_0,0,test
patient_155_node_1,0,test
patient_155_node_2,0,test
patient_155_node_3,0,test
patient_155_node_4,0,test
patient_156_node_0,0,test
patient_156_node_1,0,test
patient_156_node_2,0,test
patient_156_node_3,0,test
patient_156_node_4,0,test
patient_157_node_0,1,test
patient_157_node_1,0,test
patient_157_node_2,0,test
patient_157_node_3,0,test
patient_157_node_4,0,test
patient_158_node_0,1,test
patient_158_node_1,0,test
patient_158_node_2,1,test
patient_158_node_3,0,test
patient_158_node_4,0,test
patient_159_node_0,0,test
patient_159_node_1,1,test
patient_159_node_4,0,test
patient_160_node_0,0,test
patient_160_node_1,0,test
patient_160_node_2,0,test
patient_160_node_3,0,test
patient_160_node_4,0,test
patient_161_node_0,0,test
patient_161_node_1,0,test
patient_161_node_2,0,test
patient_161_node_3,0,test
patient_161_node_4,0,test
patient_162_node_0,0,test
patient_162_node_1,1,test
patient_162_node_2,1,test
patient_162_node_3,1,test
patient_162_node_4,0,test
patient_163_node_0,0,test
patient_163_node_1,0,test
patient_163_node_2,0,test
patient_163_node_3,0,test
patient_163_node_4,0,test
patient_164_node_0,0,test
patient_164_node_1,0,test
patient_164_node_2,1,test
patient_164_node_3,0,test
patient_164_node_4,0,test
patient_165_node_0,0,test
patient_165_node_1,1,test
patient_165_node_2,1,test
patient_165_node_3,0,test
patient_165_node_4,1,test
patient_166_node_0,1,test
patient_166_node_1,0,test
patient_166_node_2,1,test
patient_166_node_3,1,test
patient_166_node_4,1,test
patient_167_node_0,1,test
patient_167_node_1,1,test
patient_167_node_2,0,test
patient_167_node_3,1,test
patient_167_node_4,1,test
patient_168_node_0,1,test
patient_168_node_2,1,test
patient_168_node_3,0,test
patient_168_node_4,1,test
patient_169_node_0,0,test
patient_169_node_1,0,test
patient_169_node_2,0,test
patient_169_node_3,1,test
patient_169_node_4,0,test
patient_170_node_0,0,test
patient_170_node_1,0,test
patient_170_node_2,0,test
patient_170_node_3,0,test
patient_170_node_4,0,test
patient_171_node_0,1,test
patient_171_node_1,1,test
patient_171_node_2,1,test
patient_171_node_3,0,test
patient_172_node_0,0,test
patient_172_node_1,0,test
patient_172_node_2,1,test
patient_172_node_3,0,test
patient_172_node_4,0,test
patient_173_node_0,0,test
patient_173_node_1,0,test
patient_173_node_2,0,test
patient_173_node_3,0,test
patient_173_node_4,0,test
patient_174_node_0,0,test
patient_174_node_1,0,test
patient_174_node_2,0,test
patient_174_node_3,0,test
patient_174_node_4,0,test
patient_175_node_0,0,test
patient_175_node_1,1,test
patient_175_node_2,0,test
patient_175_node_3,0,test
patient_175_node_4,0,test
patient_176_node_0,0,test
patient_176_node_1,1,test
patient_176_node_2,0,test
patient_176_node_3,0,test
patient_177_node_1,0,test
patient_177_node_2,0,test
patient_177_node_3,0,test
patient_177_node_4,0,test
patient_178_node_0,0,test
patient_178_node_1,0,test
patient_178_node_2,1,test
patient_178_node_3,0,test
patient_178_node_4,0,test
patient_179_node_0,1,test
patient_179_node_1,0,test
patient_179_node_2,0,test
patient_179_node_3,0,test
patient_179_node_4,0,test
patient_180_node_0,0,test
patient_180_node_1,0,test
patient_180_node_2,0,test
patient_180_node_3,0,test
patient_181_node_0,1,test
patient_181_node_1,0,test
patient_181_node_2,0,test
patient_181_node_3,0,test
patient_181_node_4,1,test
patient_182_node_0,0,test
patient_182_node_1,0,test
patient_182_node_2,0,test
patient_182_node_3,1,test
patient_182_node_4,1,test
patient_183_node_0,1,test
patient_183_node_1,0,test
patient_183_node_2,1,test
patient_183_node_3,0,test
patient_183_node_4,0,test
patient_184_node_1,0,test
patient_184_node_2,0,test
patient_184_node_3,1,test
patient_185_node_1,0,test
patient_185_node_2,0,test
patient_185_node_3,0,test
patient_185_node_4,0,test
patient_186_node_0,1,test
patient_186_node_1,1,test
patient_186_node_2,1,test
patient_186_node_3,0,test
patient_186_node_4,1,test
patient_187_node_0,0,test
patient_187_node_2,1,test
patient_187_node_3,1,test
patient_187_node_4,0,test
patient_188_node_0,1,test
patient_188_node_1,1,test
patient_188_node_2,0,test
patient_188_node_3,1,test
patient_189_node_0,0,test
patient_189_node_1,0,test
patient_189_node_2,0,test
patient_189_node_3,0,test
patient_189_node_4,0,test
patient_190_node_0,0,test
patient_190_node_1,0,test
patient_190_node_2,0,test
patient_190_node_3,0,test
patient_190_node_4,0,test
patient_191_node_0,0,test
patient_191_node_1,0,test
patient_191_node_2,0,test
patient_191_node_3,0,test
patient_191_node_4,0,test
patient_192_node_0,0,test
patient_192_node_1,0,test
patient_192_node_2,1,test
patient_192_node_3,0,test
patient_192_node_4,0,test
patient_193_node_1,0,test
patient_193_node_2,0,test
patient_193_node_3,0,test
patient_194_node_0,0,test
patient_194_node_1,0,test
patient_194_node_2,0,test
patient_194_node_3,0,test
patient_194_node_4,0,test
patient_195_node_0,1,test
patient_195_node_1,1,test
patient_195_node_2,1,test
patient_195_node_3,1,test
patient_195_node_4,0,test
patient_196_node_0,0,test
patient_196_node_1,1,test
patient_196_node_2,1,test
patient_196_node_3,1,test
patient_196_node_4,1,test
patient_197_node_0,0,test
patient_197_node_1,0,test
patient_197_node_2,0,test
patient_197_node_3,0,test
patient_197_node_4,0,test
patient_198_node_0,0,test
patient_198_node_1,0,test
patient_198_node_2,0,test
patient_198_node_3,0,test
patient_198_node_4,0,test
patient_199_node_0,0,test
patient_199_node_1,0,test
patient_199_node_2,0,test
patient_199_node_3,0,test
patient_199_node_4,0,test
